d,T,N,u,time_simu,ref_value
1.0,0.2,10.0,1.7799288072717667,2861.568285969,1.758206593371606
1.0,0.2,10.0,1.7385806438061964,2496.536925729,1.758206593371606
1.0,0.2,10.0,1.7605650831314699,2234.904477271,1.758206593371606
1.0,0.2,10.0,1.7592482707525956,1933.123830897,1.758206593371606
1.0,0.2,10.0,1.7393510620322867,1796.951462716,1.758206593371606
1.0,0.5,10.0,1.7110193325698464,1721.407399112,1.722275707108827
1.0,0.5,10.0,1.727909150171542,1724.04657083,1.722275707108827
