T,N,d,batch_size,K,L1_err,time simu
0.2,2.0,5.0,200.0,1.0,0.10525873185316229,44.836533441
