T,N,d,batch_size,K,L1_err,time simu
0.2,1.0,5.0,200.0,3.0,0.12989358867582432,24.422519759
0.2,1.0,5.0,200.0,3.0,0.1258020539383939,18.979879377
