T,N,d,batch_size,K,L1_err,time simu
0.2,2.0,5.0,1000.0,1.0,0.11226983166908562,41.782230244
0.2,2.0,5.0,1000.0,1.0,0.08994175724841147,41.9171515
0.2,2.0,5.0,1000.0,1.0,0.10571042199729111,41.734035895
