T,N,d,batch_size,K,u,time simu,ref_value
0.2,1.0,5.0,8000.0,5.0,16.510679244995117,51.36919368,16.801556694196968
