d,T,N,u,time_simu,ref_value
1.0,0.1,10.0,1.7656406164169312,29.600694559,1.7709573870444286
