T,N,d,batch_size,K,u,time simu,ref_value
0.2,1.0,5.0,200.0,3.0,15.590668678283691,147.977916706,16.801556694196968
0.2,1.0,5.0,200.0,3.0,15.738381385803223,18.861932942,16.801556694196968
0.2,1.0,5.0,200.0,3.0,15.96617603302002,18.933202327,16.801556694196968
0.2,1.0,5.0,200.0,3.0,15.159032821655273,18.839759285,16.801556694196968
