d,T,N,u,time_simu,ref_value
1.0,0.2,10.0,1.7239022645667652,93.320152303,1.758206593371606
