T,N,d,batch_size,K,u,time simu,ref_value
0.2,1.0,5.0,1000.0,3.0,0.0,115.929074573,16.801556694196968
0.2,1.0,5.0,1000.0,3.0,0.0,2.152867477,16.801556694196968
0.2,1.0,5.0,1000.0,3.0,0.0,2.097565711,16.801556694196968
0.2,1.0,5.0,1000.0,3.0,0.0,2.196056706,16.801556694196968
0.2,1.0,5.0,1000.0,3.0,0.0,2.101269512,16.801556694196968
